USE BTL

-- Dữ liệu cho bảng Toa

SET ANSI_NULLS ON
SET QUOTED_IDENTIFIER ON

INSERT INTO "Toa" ("MaToa", "TenToa") VALUES
('TOA01', N'Tòa A'),
('TOA02', N'Tòa B'),
('TOA03', N'Tòa C'),
('TOA04', N'Tòa D'),
('TOA05', N'Tòa E');

-- Dữ liệu cho bảng ViTriLamViec
INSERT INTO "ViTriLamViec" ("MaCongViec", "TenCongViec") VALUES
('CV01', N'Quản lý ký túc xá'),
('CV02', N'Kế toán'),
('CV03', N'Bảo vệ'),
('CV04', N'Lao công'),
('CV05', N'Kỹ thuật viên');

-- Dữ liệu cho bảng NhanVien (10 người)
INSERT INTO "NhanVien" ("MaNhanVien", "HoTen", "NgaySinh", "GioiTinh", "SoDienThoai", "MaCongViec") VALUES
('NV001', N'Nguyễn Văn An', '1985-05-15', 'Nam', '0901234567', 'CV01'),
('NV002', N'Trần Thị Bình', '1982-02-10', N'Nữ', '0912345678', 'CV02'),
('NV003', N'Lê Hoàng Cường', '1980-08-20', 'Nam', '0923456789', 'CV03'),
('NV004', N'Phạm Thị Diệu', '1987-11-25', N'Nữ', '0934567890', 'CV04'),
('NV005', N'Hoàng Minh Đức', '1983-06-30', 'Nam', '0945678901', 'CV05'),
('NV006', N'Vũ Thị Hương', '1990-03-12', N'Nữ', '0956789012', 'CV03'),
('NV007', N'Đặng Quang Huy', '1988-09-18', 'Nam', '0967890123', 'CV03'),
('NV008', N'Ngô Thị Lan', '1991-01-22', N'Nữ', '0978901234', 'CV04'),
('NV009', N'Bùi Đức Long', '1986-07-14', 'Nam', '0989012345', 'CV05'),
('NV010', N'Lý Thị Mai', '1989-12-05', N'Nữ', '0990123456', 'CV02');

-- Dữ liệu cho bảng LoaiPhong
INSERT INTO "LoaiPhong" ("MaLoaiPhong", "Gia", "TenPhong") VALUES
('LP01', 500000, N'Phòng 8 người'),
('LP02', 600000, N'Phòng 6 người'),
('LP03', 700000, N'Phòng 4 người'),
('LP04', 800000, N'Phòng 3 người'),
('LP05', 1000000, N'Phòng 2 người');

-- Dữ liệu cho bảng Phong (40 phòng)
INSERT INTO "Phong" ("MaPhong", "TenPhong", "MaLoaiPhong", "MaToa", "MaNhanVien", "TrangThai") VALUES
('P101', N'Phòng 101', 'LP01', 'TOA01', 'NV001', 1),
('P102', N'Phòng 102', 'LP01', 'TOA01', 'NV001', 1),
('P103', N'Phòng 103', 'LP01', 'TOA01', 'NV001', 1),
('P104', N'Phòng 104', 'LP02', 'TOA01', 'NV001', 1),
('P105', N'Phòng 105', 'LP02', 'TOA01', 'NV001', 1),
('P106', N'Phòng 106', 'LP02', 'TOA01', 'NV001', 1),
('P107', N'Phòng 107', 'LP03', 'TOA01', 'NV001', 1),
('P108', N'Phòng 108', 'LP03', 'TOA01', 'NV001', 1),
('P201', N'Phòng 201', 'LP01', 'TOA02', 'NV002', 1),
('P202', N'Phòng 202', 'LP01', 'TOA02', 'NV002', 1),
('P203', N'Phòng 203', 'LP02', 'TOA02', 'NV002', 1),
('P204', N'Phòng 204', 'LP02', 'TOA02', 'NV002', 1),
('P205', N'Phòng 205', 'LP03', 'TOA02', 'NV002', 1),
('P206', N'Phòng 206', 'LP03', 'TOA02', 'NV002', 1),
('P208', N'Phòng 208', 'LP04', 'TOA02', 'NV002', 1),
('P301', N'Phòng 301', 'LP01', 'TOA03', 'NV003', 1),
('P207', N'Phòng 207', 'LP04', 'TOA02', 'NV002', 1),
('P302', N'Phòng 302', 'LP01', 'TOA03', 'NV003', 1),
('P303', N'Phòng 303', 'LP02', 'TOA03', 'NV003', 1),
('P304', N'Phòng 304', 'LP02', 'TOA03', 'NV003', 1),
('P305', N'Phòng 305', 'LP03', 'TOA03', 'NV003', 1),
('P306', N'Phòng 306', 'LP03', 'TOA03', 'NV003', 1),
('P307', N'Phòng 307', 'LP04', 'TOA03', 'NV003', 1),
('P308', N'Phòng 308', 'LP04', 'TOA03', 'NV003', 1),
('P401', N'Phòng 401', 'LP01', 'TOA04', 'NV004', 1),
('P402', N'Phòng 402', 'LP01', 'TOA04', 'NV004', 1),
('P403', N'Phòng 403', 'LP02', 'TOA04', 'NV004', 1),
('P404', N'Phòng 404', 'LP02', 'TOA04', 'NV004', 1),
('P405', N'Phòng 405', 'LP03', 'TOA04', 'NV004', 1),
('P406', N'Phòng 406', 'LP03', 'TOA04', 'NV004', 1),
('P407', N'Phòng 407', 'LP04', 'TOA04', 'NV004', 1),
('P408', N'Phòng 408', 'LP04', 'TOA04', 'NV004', 1),
('P501', N'Phòng 501', 'LP02', 'TOA05', 'NV005', 1),
('P502', N'Phòng 502', 'LP03', 'TOA05', 'NV005', 1),
('P503', N'Phòng 503', 'LP03', 'TOA05', 'NV005', 1),
('P504', N'Phòng 504', 'LP04', 'TOA05', 'NV005', 1),
('P505', N'Phòng 505', 'LP04', 'TOA05', 'NV005', 1),
('P506', N'Phòng 506', 'LP05', 'TOA05', 'NV005', 1),
('P507', N'Phòng 507', 'LP05', 'TOA05', 'NV005', 1),
('P508', N'Phòng 508', 'LP05', 'TOA05', 'NV005', 1);

-- Dữ liệu cho bảng SinhVien (100 sinh viên)
INSERT INTO "SinhVien" ("MaSinhVien", "HoTen", "NgaySinh", "GioiTinh", "SoDienThoai", "MaPhong") VALUES
('SV001', N'Nguyễn Minh Anh', '2004-01-15', 'Nam', '0961234567', 'P101'),
('SV002', N'Trần Thị Bảo', '2003-03-20', N'Nữ', '0962345678', 'P201'),
('SV003', N'Lê Văn Cường', '2004-06-10', 'Nam', '0963456789', 'P101'),
('SV004', N'Phạm Thị Duyên', '2005-02-28', N'Nữ', '0964567890', 'P201'),
('SV005', N'Hoàng Minh Đạt', '2004-11-03', 'Nam', '0965678901', 'P102'),
('SV006', N'Võ Thị Hoa', '2003-08-16', N'Nữ', '0966789012', 'P202'),
('SV007', N'Đặng Quốc Việt', '2004-05-22', 'Nam', '0967890123', 'P102'),
('SV008', N'Ngô Thị Hương', '2003-09-08', N'Nữ', '0968901234', 'P202'),
('SV009', N'Bùi Thành Long', '2004-12-30', 'Nam', '0969012345', 'P103'),
('SV010', N'Lý Thị Mai', '2003-04-14', N'Nữ', '0960123456', 'P203'),
('SV011', N'Trương Văn Nam', '2004-07-25', 'Nam', '0971234567', 'P103'),
('SV012', N'Hồ Thị Lan', '2003-10-19', N'Nữ', '0972345678', 'P203'),
('SV013', N'Đinh Phúc Quang', '2004-03-07', 'Nam', '0973456789', 'P104'),
('SV014', N'Cao Thị Mỹ', '2003-11-28', N'Nữ', '0974567890', 'P204'),
('SV015', N'Dương Minh Tuấn', '2004-08-12', 'Nam', '0975678901', 'P104'),
('SV016', N'Lưu Thị Thu', '2003-05-06', N'Nữ', '0976789012', 'P204'),
('SV017', N'Phan Văn Sơn', '2004-02-14', 'Nam', '0977890123', 'P105'),
('SV018', N'Đỗ Thị Ngọc', '2003-12-21', N'Nữ', '0978901234', 'P205'),
('SV019', N'Vương Thanh Hải', '2004-09-17', 'Nam', '0979012345', 'P105'),
('SV020', N'Tô Thị Hằng', '2003-06-03', N'Nữ', '0980123456', 'P205'),
('SV021', N'Nguyễn Hoàng Nam', '2004-04-09', 'Nam', '0981234567', 'P106'),
('SV022', N'Trần Thị Hương', '2003-07-15', N'Nữ', '0982345678', 'P206'),
('SV023', N'Lê Minh Trí', '2004-10-23', 'Nam', '0983456789', 'P106'),
('SV024', N'Phạm Thị Thủy', '2003-02-17', N'Nữ', '0984567890', 'P206'),
('SV025', N'Hoàng Văn Độ', '2004-08-29', 'Nam', '0985678901', 'P107'),
('SV026', N'Võ Thị Tuyết', '2003-11-12', N'Nữ', '0986789012', 'P207'),
('SV027', N'Đặng Minh Hoàng', '2004-03-25', 'Nam', '0987890123', 'P107'),
('SV028', N'Ngô Thị Bích', '2003-08-07', N'Nữ', '0988901234', 'P207'),
('SV029', N'Bùi Văn Tùng', '2004-12-18', 'Nam', '0989012345', 'P108'),
('SV030', N'Lý Thị Thảo', '2003-05-22', N'Nữ', '0990123456', 'P208'),
('SV031', N'Nguyễn Thanh Huy', '2004-09-13', 'Nam', '0991234567', 'P108'),
('SV032', N'Trần Thị Diệu', '2003-04-26', N'Nữ', '0992345678', 'P208'),
('SV033', N'Lê Quốc Vinh', '2004-11-08', 'Nam', '0993456789', 'P301'),
('SV034', N'Phạm Thị Giang', '2003-07-31', N'Nữ', '0994567890', 'P301'),
('SV035', N'Hoàng Văn Khánh', '2004-02-19', 'Nam', '0995678901', 'P301'),
('SV036', N'Võ Thị Linh', '2003-10-04', N'Nữ', '0996789012', 'P301'),
('SV037', N'Đặng Thanh Phong', '2004-05-27', 'Nam', '0997890123', 'P302'),
('SV038', N'Ngô Thị Huyền', '2003-12-11', N'Nữ', '0998901234', 'P302'),
('SV039', N'Bùi Minh Quân', '2004-08-03', 'Nam', '0999012345', 'P302'),
('SV040', N'Lý Thị Nhung', '2003-03-14', N'Nữ', '0910123456', 'P302'),
('SV041', N'Nguyễn Đức Thắng', '2004-06-25', 'Nam', '0911234567', 'P303'),
('SV042', N'Trần Thị Kim', '2003-09-17', N'Nữ', '0912345678', 'P303'),
('SV043', N'Lê Văn Phú', '2004-01-29', 'Nam', '0913456789', 'P303'),
('SV044', N'Phạm Thị Loan', '2003-11-05', N'Nữ', '0914567890', 'P304'),
('SV045', N'Hoàng Minh Tiến', '2004-04-12', 'Nam', '0915678901', 'P304'),
('SV046', N'Võ Thị Yến', '2003-08-21', N'Nữ', '0916789012', 'P304'),
('SV047', N'Đặng Quốc Bảo', '2004-12-06', 'Nam', '0917890123', 'P305'),
('SV048', N'Ngô Thị Phương', '2003-05-16', N'Nữ', '0918901234', 'P305'),
('SV049', N'Bùi Thanh Tùng', '2004-09-27', 'Nam', '0919012345', 'P305'),
('SV050', N'Lý Thị Oanh', '2003-02-08', N'Nữ', '0920123456', 'P306'),
('SV051', N'Nguyễn Văn Thành', '2004-07-19', 'Nam', '0921234567', 'P306'),
('SV052', N'Trần Thị Hiền', '2003-10-12', N'Nữ', '0922345678', 'P306'),
('SV053', N'Lê Hoàng Khôi', '2004-03-23', 'Nam', '0923456789', 'P307'),
('SV054', N'Phạm Thị Hà', '2003-12-15', N'Nữ', '0924567890', 'P307'),
('SV055', N'Hoàng Văn Phúc', '2004-08-07', 'Nam', '0925678901', 'P307'),
('SV056', N'Võ Thị Thơ', '2003-04-29', N'Nữ', '0926789012', 'P308'),
('SV057', N'Đặng Minh Hiếu', '2004-11-18', 'Nam', '0927890123', 'P308'),
('SV058', N'Ngô Thị Nhàn', '2003-06-01', N'Nữ', '0928901234', 'P308'),
('SV059', N'Bùi Văn Dũng', '2004-01-10', 'Nam', '0929012345', 'P401'),
('SV060', N'Lý Thị Vân', '2003-09-22', N'Nữ', '0930123456', 'P401'),
('SV061', N'Nguyễn Tuấn Anh', '2004-05-02', 'Nam', '0931234567', 'P401'),
('SV062', N'Trần Thị Thảo', '2003-11-24', N'Nữ', '0932345678', 'P401'),
('SV063', N'Lê Văn Bình', '2004-08-14', 'Nam', '0933456789', 'P402'),
('SV064', N'Phạm Thị Chi', '2003-03-07', N'Nữ', '0934567890', 'P402'),
('SV065', N'Hoàng Minh Châu', '2004-10-28', 'Nam', '0935678901', 'P402'),
('SV066', N'Võ Thị Dung', '2003-05-20', N'Nữ', '0936789012', 'P402'),
('SV067', N'Đặng Thanh Đức', '2004-12-09', 'Nam', '0937890123', 'P403'),
('SV068', N'Ngô Thị Em', '2003-07-03', N'Nữ', '0938901234', 'P403'),
('SV069', N'Bùi Minh Hiển', '2004-02-24', 'Nam', '0939012345', 'P403'),
('SV070', N'Lý Thị Hồng', '2003-09-15', N'Nữ', '0940123456', 'P404'),
('SV071', N'Nguyễn Đức Hùng', '2004-04-06', 'Nam', '0941234567', 'P404'),
('SV072', N'Trần Thị Kiều', '2003-11-16', N'Nữ', '0942345678', 'P404'),
('SV073', N'Lê Văn Khang', '2004-06-27', 'Nam', '0943456789', 'P405'),
('SV074', N'Phạm Thị Liên', '2003-01-19', N'Nữ', '0944567890', 'P405'),
('SV075', N'Hoàng Minh Long', '2004-08-08', 'Nam', '0945678901', 'P405'),
('SV076', N'Võ Thị Mai', '2003-10-31', N'Nữ', '0946789012', 'P406'),
('SV077', N'Đặng Quốc Minh', '2004-03-12', 'Nam', '0947890123', 'P406'),
('SV078', N'Ngô Thị Ngân', '2003-12-03', N'Nữ', '0948901234', 'P406'),
('SV079', N'Bùi Thanh Nhân', '2004-07-24', 'Nam', '0949012345', 'P407'),
('SV080', N'Lý Thị Oanh', '2003-04-16', N'Nữ', '0950123456', 'P407'),
('SV081', N'Nguyễn Văn Phát', '2004-09-05', 'Nam', '0951234567', 'P407'),
('SV082', N'Trần Thị Quỳnh', '2003-02-27', N'Nữ', '0952345678', 'P408'),
('SV083', N'Lê Hoàng Sang', '2004-11-15', 'Nam', '0953456789', 'P408'),
('SV084', N'Phạm Thị Tâm', '2003-06-08', N'Nữ', '0954567890', 'P408'),
('SV085', N'Hoàng Văn Toàn', '2004-01-30', 'Nam', '0955678901', 'P501'),
('SV086', N'Võ Thị Uyên', '2003-08-19', N'Nữ', '0956789012', 'P501'),
('SV087', N'Đặng Minh Vũ', '2004-05-12', 'Nam', '0957890123', 'P502'),
('SV088', N'Ngô Thị Xuân', '2003-10-03', N'Nữ', '0958901234', 'P502'),
('SV089', N'Bùi Văn Yên', '2004-02-22', 'Nam', '0959012345', 'P503'),
('SV090', N'Lý Thị Ánh', '2003-07-13', N'Nữ', '0960123456', 'P503'),
('SV091', N'Nguyễn Tuấn Đạt', '2004-11-06', 'Nam', '0961234567', 'P504'),
('SV092', N'Trần Thị Bảo', '2003-04-26', N'Nữ', '0962345678', 'P504'),
('SV093', N'Lê Văn Cường', '2004-09-17', 'Nam', '0963456789', 'P505'),
('SV094', N'Phạm Thị Duyên', '2003-02-07', N'Nữ', '0964567890', 'P505'),
('SV095', N'Hoàng Minh Hải', '2004-06-29', 'Nam', '0965678901', 'P506'),
('SV096', N'Võ Thị Hằng', '2003-12-21', N'Nữ', '0966789012', 'P506'),
('SV097', N'Đặng Thanh Huy', '2004-07-14', 'Nam', '0967890123', 'P507'),
('SV098', N'Ngô Thị Hương', '2003-03-05', N'Nữ', '0968901234', 'P507'),
('SV099', N'Bùi Minh Long', '2004-10-25', 'Nam', '0969012345', 'P508'),
('SV100', N'Lý Thị Mai', '2003-05-18', N'Nữ', '0960123456', 'P508');

-- Dữ liệu cho bảng HopDong (100 hợp đồng)
INSERT INTO "HopDong" ("MaHopDong", "NgayBatDau", "NgayKetThuc", "GiaTien", "MaSinhVien", "MaNhanVien", "MaPhong", "SoThang") VALUES
('HD001', '2024-09-01', '2025-06-30', 4500000, 'SV001', 'NV001', 'P101', 8),
('HD002', '2024-09-01', '2025-06-30', 5400000, 'SV002', 'NV002', 'P201', 10),
('HD003', '2024-09-01', '2025-06-30', 4500000, 'SV003', 'NV001', 'P101', 3),
('HD004', '2024-09-01', '2025-06-30', 5400000, 'SV004', 'NV002', 'P201', 7),
('HD005', '2024-09-01', '2025-06-30', 4500000, 'SV005', 'NV001', 'P102', 4),
('HD006', '2024-09-01', '2025-06-30', 5400000, 'SV006', 'NV002', 'P202', 12),
('HD007', '2024-09-01', '2025-06-30', 4500000, 'SV007', 'NV001', 'P102', 11),
('HD008', '2024-09-01', '2025-06-30', 5400000, 'SV008', 'NV002', 'P202', 9),
('HD009', '2024-09-01', '2025-06-30', 4500000, 'SV009', 'NV001', 'P103', 3),
('HD010', '2024-09-01', '2025-06-30', 5400000, 'SV010', 'NV002', 'P203', 1),
('HD011', '2024-09-01', '2025-06-30', 4500000, 'SV011', 'NV001', 'P103', 5),
('HD012', '2024-09-01', '2025-06-30', 5400000, 'SV012', 'NV002', 'P203', 15),
('HD013', '2024-09-01', '2025-06-30', 5400000, 'SV013', 'NV001', 'P104', 20),
('HD014', '2024-09-01', '2025-06-30', 5400000, 'SV014', 'NV002', 'P204', 9),
('HD015', '2024-09-01', '2025-06-30', 5400000, 'SV015', 'NV001', 'P104', 3),
('HD016', '2024-09-01', '2025-06-30', 5400000, 'SV016', 'NV002', 'P204', 3),
('HD017', '2024-09-01', '2025-06-30', 5400000, 'SV017', 'NV001', 'P105', 3),
('HD018', '2024-09-01', '2025-06-30', 6300000, 'SV018', 'NV002', 'P205', 19),
('HD019', '2024-09-01', '2025-06-30', 5400000, 'SV019', 'NV001', 'P105', 4),
('HD020', '2024-09-01', '2025-06-30', 6300000, 'SV020', 'NV002', 'P205', 4),
('HD021', '2024-09-01', '2025-06-30', 5400000, 'SV021', 'NV001', 'P106', 2),
('HD022', '2024-09-01', '2025-06-30', 6300000, 'SV022', 'NV002', 'P206', 5),
('HD023', '2024-09-01', '2025-06-30', 5400000, 'SV023', 'NV001', 'P106', 16),
('HD024', '2024-09-01', '2025-06-30', 6300000, 'SV024', 'NV002', 'P206', 7),
('HD025', '2024-09-01', '2025-06-30', 6300000, 'SV025', 'NV001', 'P107', 10),
('HD026', '2024-09-01', '2025-06-30', 7200000, 'SV026', 'NV002', 'P207', 10),
('HD027', '2024-09-01', '2025-06-30', 6300000, 'SV027', 'NV001', 'P107', 10),
('HD028', '2024-09-01', '2025-06-30', 7200000, 'SV028', 'NV002', 'P207', 10),
('HD029', '2024-09-01', '2025-06-30', 6300000, 'SV029', 'NV001', 'P108', 10),
('HD030', '2024-09-01', '2025-06-30', 7200000, 'SV030', 'NV002', 'P208', 10),
('HD031', '2024-09-01', '2025-06-30', 6300000, 'SV031', 'NV001', 'P108', 10),
('HD032', '2024-09-01', '2025-06-30', 7200000, 'SV032', 'NV002', 'P208', 10),
('HD033', '2024-09-01', '2025-06-30', 4500000, 'SV033', 'NV003', 'P301', 10),
('HD034', '2024-09-01', '2025-06-30', 4500000, 'SV034', 'NV003', 'P301', 10),
('HD035', '2024-09-01', '2025-06-30', 4500000, 'SV035', 'NV003', 'P301', 10),
('HD036', '2024-09-01', '2025-06-30', 4500000, 'SV036', 'NV003', 'P301', 10),
('HD037', '2024-09-01', '2025-06-30', 4500000, 'SV037', 'NV003', 'P302', 10),
('HD038', '2024-09-01', '2025-06-30', 4500000, 'SV038', 'NV003', 'P302', 10),
('HD039', '2024-09-01', '2025-06-30', 4500000, 'SV039', 'NV003', 'P302', 10),
('HD040', '2024-09-01', '2025-06-30', 4500000, 'SV040', 'NV003', 'P302', 10),
('HD041', '2024-09-01', '2025-06-30', 5400000, 'SV041', 'NV003', 'P303', 10),
('HD042', '2024-09-01', '2025-06-30', 5400000, 'SV042', 'NV003', 'P303', 10),
('HD043', '2024-09-01', '2025-06-30', 5400000, 'SV043', 'NV003', 'P303', 10),
('HD044', '2024-09-01', '2025-06-30', 5400000, 'SV044', 'NV003', 'P304', 10),
('HD045', '2024-09-01', '2025-06-30', 5400000, 'SV045', 'NV003', 'P304', 10),
('HD046', '2024-09-01', '2025-06-30', 5400000, 'SV046', 'NV003', 'P304', 10),
('HD047', '2024-09-01', '2025-06-30', 6300000, 'SV047', 'NV003', 'P305', 10),
('HD048', '2024-09-01', '2025-06-30', 6300000, 'SV048', 'NV003', 'P305', 10),
('HD049', '2024-09-01', '2025-06-30', 6300000, 'SV049', 'NV003', 'P305', 10),
('HD050', '2024-09-01', '2025-06-30', 6300000, 'SV050', 'NV003', 'P306', 10),
('HD051', '2024-09-01', '2025-06-30', 6300000, 'SV051', 'NV003', 'P306', 10),
('HD052', '2024-09-01', '2025-06-30', 6300000, 'SV052', 'NV003', 'P306', 10),
('HD053', '2024-09-01', '2025-06-30', 7200000, 'SV053', 'NV003', 'P307', 10),
('HD054', '2024-09-01', '2025-06-30', 7200000, 'SV054', 'NV003', 'P307', 10),
('HD055', '2024-09-01', '2025-06-30', 7200000, 'SV055', 'NV003', 'P307', 10),
('HD056', '2024-09-01', '2025-06-30', 7200000, 'SV056', 'NV003', 'P308', 10),
('HD057', '2024-09-01', '2025-06-30', 7200000, 'SV057', 'NV003', 'P308', 10),
('HD058', '2024-09-01', '2025-06-30', 7200000, 'SV058', 'NV003', 'P308', 10),
('HD059', '2024-09-01', '2025-06-30', 4500000, 'SV059', 'NV004', 'P401', 10),
('HD060', '2024-09-01', '2025-06-30', 4500000, 'SV060', 'NV004', 'P401', 10),
('HD061', '2024-09-01', '2025-06-30', 4500000, 'SV061', 'NV004', 'P401', 10),
('HD062', '2024-09-01', '2025-06-30', 4500000, 'SV062', 'NV004', 'P401', 10),
('HD063', '2024-09-01', '2025-06-30', 4500000, 'SV063', 'NV004', 'P402', 10),
('HD064', '2024-09-01', '2025-06-30', 4500000, 'SV064', 'NV004', 'P402', 10),
('HD065', '2024-09-01', '2025-06-30', 4500000, 'SV065', 'NV004', 'P402', 10),
('HD066', '2024-09-01', '2025-06-30', 4500000, 'SV066', 'NV004', 'P402', 10),
('HD067', '2024-09-01', '2025-06-30', 5400000, 'SV067', 'NV004', 'P403', 10),
('HD068', '2024-09-01', '2025-06-30', 5400000, 'SV068', 'NV004', 'P403', 10),
('HD069', '2024-09-01', '2025-06-30', 5400000, 'SV069', 'NV004', 'P403', 10),
('HD070', '2024-09-01', '2025-06-30', 5400000, 'SV070', 'NV004', 'P404', 10),
('HD071', '2024-09-01', '2025-06-30', 5400000, 'SV071', 'NV004', 'P404', 10),
('HD072', '2024-09-01', '2025-06-30', 5400000, 'SV072', 'NV004', 'P404', 10),
('HD073', '2024-09-01', '2025-06-30', 6300000, 'SV073', 'NV004', 'P405', 10),
('HD074', '2024-09-01', '2025-06-30', 6300000, 'SV074', 'NV004', 'P405', 10),
('HD075', '2024-09-01', '2025-06-30', 6300000, 'SV075', 'NV004', 'P405', 10),
('HD076', '2024-09-01', '2025-06-30', 6300000, 'SV076', 'NV004', 'P406', 10),
('HD077', '2024-09-01', '2025-06-30', 6300000, 'SV077', 'NV004', 'P406', 10),
('HD078', '2024-09-01', '2025-06-30', 6300000, 'SV078', 'NV004', 'P406', 10),
('HD079', '2024-09-01', '2025-06-30', 7200000, 'SV079', 'NV004', 'P407', 10),
('HD080', '2024-09-01', '2025-06-30', 7200000, 'SV080', 'NV004', 'P407', 10),
('HD081', '2024-09-01', '2025-06-30', 7200000, 'SV081', 'NV004', 'P407', 10),
('HD082', '2024-09-01', '2025-06-30', 7200000, 'SV082', 'NV004', 'P408', 10),
('HD083', '2024-09-01', '2025-06-30', 7200000, 'SV083', 'NV004', 'P408', 10),
('HD084', '2024-09-01', '2025-06-30', 7200000, 'SV084', 'NV004', 'P408', 10),
('HD085', '2024-09-01', '2025-06-30', 5400000, 'SV085', 'NV005', 'P501', 10),
('HD086', '2024-09-01', '2025-06-30', 5400000, 'SV086', 'NV005', 'P501', 10),
('HD087', '2024-09-01', '2025-06-30', 6300000, 'SV087', 'NV005', 'P502', 10),
('HD088', '2024-09-01', '2025-06-30', 6300000, 'SV088', 'NV005', 'P502', 10),
('HD089', '2024-09-01', '2025-06-30', 6300000, 'SV089', 'NV005', 'P503', 10),
('HD090', '2024-09-01', '2025-06-30', 6300000, 'SV090', 'NV005', 'P503', 10),
('HD091', '2024-09-01', '2025-06-30', 7200000, 'SV091', 'NV005', 'P504', 10),
('HD092', '2024-09-01', '2025-06-30', 7200000, 'SV092', 'NV005', 'P504', 10),
('HD093', '2024-09-01', '2025-06-30', 7200000, 'SV093', 'NV005', 'P505', 10),
('HD094', '2024-09-01', '2025-06-30', 7200000, 'SV094', 'NV005', 'P505', 10),
('HD095', '2024-09-01', '2025-06-30', 9000000, 'SV095', 'NV005', 'P506', 10),
('HD096', '2024-09-01', '2025-06-30', 9000000, 'SV096', 'NV005', 'P506', 10),
('HD097', '2024-09-01', '2025-06-30', 9000000, 'SV097', 'NV005', 'P507', 10),
('HD098', '2024-09-01', '2025-06-30', 9000000, 'SV098', 'NV005', 'P507', 10),
('HD099', '2024-09-01', '2025-06-30', 9000000, 'SV099', 'NV005', 'P508', 10),
('HD100', '2024-09-01', '2025-06-30', 9000000, 'SV100', 'NV005', 'P508', 10);

-- Dữ liệu cho bảng LoaiCSVC
INSERT INTO "LoaiCSVC" ("MaLoaiCSVC", "TenLoaiCSVC", "Hang", "Gia") VALUES
('CSVC01', N'Giường sắt', N'Hòa Phát', 1500000),
('CSVC02', N'Tủ quần áo', N'Hòa Phát', 1200000),
('CSVC03', N'Bàn học', N'Xuân Hòa', 800000),
('CSVC04', N'Ghế', N'Xuân Hòa', 300000),
('CSVC05', N'Điều hòa', 'Daikin', 8000000),
('CSVC06', N'Quạt trần', 'Panasonic', 1200000),
('CSVC07', N'Đèn học', 'Philips', 200000),
('CSVC08', N'Kệ sách', N'Hòa Phát', 600000),
('CSVC09', N'Gương soi', N'Minh Long', 250000),
('CSVC10', N'Bình nóng lạnh', 'Ariston', 2500000);

-- Dữ liệu cho bảng LoaiPhong_CSVC
INSERT INTO "LoaiPhong_CSVC" ("MaLoaiCSVC", "MaLoaiPhong", "SoLuong", "NgayMua", "Gia") VALUES
('CSVC01', 'LP01', 8, '2023-08-01', 12000000),
('CSVC02', 'LP01', 8, '2023-08-01', 9600000),
('CSVC03', 'LP01', 8, '2023-08-01', 6400000),
('CSVC04', 'LP01', 8, '2023-08-01', 2400000),
('CSVC06', 'LP01', 2, '2023-08-01', 2400000),
('CSVC01', 'LP02', 6, '2023-08-01', 9000000),
('CSVC02', 'LP02', 6, '2023-08-01', 7200000),
('CSVC03', 'LP02', 6, '2023-08-01', 4800000),
('CSVC04', 'LP02', 6, '2023-08-01', 1800000),
('CSVC06', 'LP02', 2, '2023-08-01', 2400000),
('CSVC01', 'LP03', 4, '2023-08-01', 6000000),
('CSVC02', 'LP03', 4, '2023-08-01', 4800000),
('CSVC03', 'LP03', 4, '2023-08-01', 3200000),
('CSVC04', 'LP03', 4, '2023-08-01', 1200000),
('CSVC06', 'LP03', 1, '2023-08-01', 1200000),
('CSVC05', 'LP03', 1, '2023-08-01', 8000000),
('CSVC01', 'LP04', 3, '2023-08-01', 4500000),
('CSVC02', 'LP04', 3, '2023-08-01', 3600000),
('CSVC03', 'LP04', 3, '2023-08-01', 2400000),
('CSVC04', 'LP04', 3, '2023-08-01', 900000),
('CSVC05', 'LP04', 1, '2023-08-01', 8000000),
('CSVC10', 'LP04', 1, '2023-08-01', 2500000),
('CSVC01', 'LP05', 2, '2023-08-01', 3000000),
('CSVC02', 'LP05', 2, '2023-08-01', 2400000),
('CSVC03', 'LP05', 2, '2023-08-01', 1600000),
('CSVC04', 'LP05', 2, '2023-08-01', 600000),
('CSVC05', 'LP05', 1, '2023-08-01', 8000000),
('CSVC10', 'LP05', 1, '2023-08-01', 2500000),
('CSVC07', 'LP05', 2, '2023-08-01', 400000),
('CSVC08', 'LP05', 2, '2023-08-01', 1200000),
('CSVC09', 'LP05', 1, '2023-08-01', 250000);

-- Dữ liệu cho bảng HoaDon (20 hóa đơn mẫu)
INSERT INTO "HoaDon" ("MaHoaDon", "MaPhong", "DonGiaDien", "DonGiaNuoc", "TrangThai", "ChiSoDienDau", "ChiSoDienCuoi", "ChiSoNuocDau", "ChiSoNuocCuoi", "MaDaiDienPhong", "MaNhanVien", "NgayTao") VALUES
('HDTN031', 'P401', 3500, 25000, 1, 1030, 1265, 51, 58, 'SV059', 'NV004', '2025-02-01'),
('HDTN032', 'P402', 3500, 25000, 0, 1090, 1315, 56, 63, 'SV063', 'NV004', '2025-02-01'),
('HDTN033', 'P403', 3500, 25000, 1, 960, 1190, 46, 53, 'SV067', 'NV004', '2025-02-01'),
('HDTN034', 'P501', 3500, 25000, 1, 1070, 1300, 54, 61, 'SV085', 'NV005', '2025-02-01'),
('HDTN035', 'P502', 3500, 25000, 0, 1130, 1360, 55, 62, 'SV087', 'NV005', '2025-02-01'),
('HDTN036', 'P503', 3500, 25000, 1, 1000, 1230, 48, 55, 'SV089', 'NV005', '2025-02-01'),
('HDTN037', 'P504', 3500, 25000, 1, 1040, 1275, 52, 59, 'SV091', 'NV005', '2025-02-01'),
('HDTN038', 'P505', 3500, 25000, 0, 1110, 1340, 56, 63, 'SV093', 'NV005', '2025-02-01'),
('HDTN039', 'P506', 3500, 25000, 1, 970, 1200, 45, 52, 'SV095', 'NV005', '2025-02-01'),
('HDTN040', 'P507', 3500, 25000, 1, 1060, 1295, 53, 60, 'SV097', 'NV005', '2025-02-01'),
('HDTN041', 'P508', 3500, 25000, 0, 1140, 1375, 57, 64, 'SV099', 'NV005', '2025-02-01'),
('HDTN042', 'P104', 3500, 25000, 1, 1020, 1255, 50, 57, 'SV013', 'NV001', '2025-02-01'),
('HDTN043', 'P105', 3500, 25000, 1, 1080, 1315, 52, 59, 'SV017', 'NV001', '2025-02-01'),
('HDTN044', 'P106', 3500, 25000, 0, 1040, 1275, 49, 56, 'SV021', 'NV001', '2025-02-01'),
('HDTN045', 'P107', 3500, 25000, 1, 1060, 1295, 51, 58, 'SV025', 'NV001', '2025-02-01'),
('HDTN046', 'P108', 3500, 25000, 1, 1100, 1335, 53, 60, 'SV029', 'NV001', '2025-02-01'),
('HDTN047', 'P204', 3500, 25000, 0, 1030, 1265, 50, 57, 'SV014', 'NV002', '2025-02-01'),
('HDTN048', 'P205', 3500, 25000, 1, 1090, 1325, 52, 59, 'SV018', 'NV002', '2025-02-01'),
('HDTN049', 'P206', 3500, 25000, 1, 1050, 1285, 49, 56, 'SV022', 'NV002', '2025-02-01'),
('HDTN050', 'P207', 3500, 25000, 0, 1070, 1305, 51, 58, 'SV026', 'NV002', '2025-02-01'),
('HDTN051', 'P208', 3500, 25000, 1, 1110, 1345, 53, 60, 'SV030', 'NV002', '2025-02-01'),
('HDTN001', 'P101', 3500, 25000, 1, 1000, 1250, 50, 58, 'SV001', 'NV001', '2025-04-01'),
('HDTN002', 'P102', 3500, 25000, 1, 1100, 1320, 52, 59, 'SV005', 'NV001', '2025-04-01'),
('HDTN003', 'P103', 3500, 25000, 0, 950, 1180, 48, 55, 'SV009', 'NV001', '2025-04-01'),
('HDTN004', 'P201', 3500, 25000, 1, 1050, 1290, 55, 62, 'SV002', 'NV002', '2025-04-01'),
('HDTN005', 'P202', 3500, 25000, 0, 1150, 1380, 57, 64, 'SV006', 'NV002', '2025-04-01'),
('HDTN006', 'P203', 3500, 25000, 1, 980, 1215, 49, 56, 'SV010', 'NV002', '2025-04-01'),
('HDTN007', 'P301', 3500, 25000, 1, 1080, 1310, 53, 60, 'SV033', 'NV003', '2025-04-01'),
('HDTN008', 'P302', 3500, 25000, 0, 1120, 1345, 54, 61, 'SV037', 'NV003', '2025-04-01'),
('HDTN009', 'P303', 3500, 25000, 1, 990, 1220, 47, 54, 'SV041', 'NV003', '2025-04-01'),
('HDTN010', 'P401', 3500, 25000, 1, 1030, 1265, 51, 58, 'SV059', 'NV004', '2025-04-01'),
('HDTN011', 'P402', 3500, 25000, 0, 1090, 1315, 56, 63, 'SV063', 'NV004', '2025-04-01'),
('HDTN012', 'P403', 3500, 25000, 1, 960, 1190, 46, 53, 'SV067', 'NV004', '2025-04-01'),
('HDTN013', 'P501', 3500, 25000, 1, 1070, 1300, 54, 61, 'SV085', 'NV005', '2025-04-01'),
('HDTN014', 'P502', 3500, 25000, 0, 1130, 1360, 55, 62, 'SV087', 'NV005', '2025-04-01'),
('HDTN015', 'P503', 3500, 25000, 1, 1000, 1230, 48, 55, 'SV089', 'NV005', '2025-04-01'),
('HDTN016', 'P504', 3500, 25000, 1, 1040, 1275, 52, 59, 'SV091', 'NV005', '2025-04-01'),
('HDTN017', 'P505', 3500, 25000, 0, 1110, 1340, 56, 63, 'SV093', 'NV005', '2025-04-01'),
('HDTN018', 'P506', 3500, 25000, 1, 970, 1200, 45, 52, 'SV095', 'NV005', '2025-04-01'),
('HDTN019', 'P507', 3500, 25000, 1, 1060, 1295, 53, 60, 'SV097', 'NV005', '2025-04-01'),
('HDTN020', 'P508', 3500, 25000, 0, 1140, 1375, 57, 64, 'SV099', 'NV005','2025-04-01'),
('HDTN021', 'P104', 3500, 25000, 1, 1020, 1255, 50, 57, 'SV013', 'NV001', '2025-04-01'),
('HDTN022', 'P105', 3500, 25000, 1, 1080, 1315, 52, 59, 'SV017', 'NV001', '2025-04-01'),
('HDTN023', 'P106', 3500, 25000, 0, 1040, 1275, 49, 56, 'SV021', 'NV001', '2025-04-01'),
('HDTN024', 'P107', 3500, 25000, 1, 1060, 1295, 51, 58, 'SV025', 'NV001', '2025-04-01'),
('HDTN025', 'P108', 3500, 25000, 1, 1100, 1335, 53, 60, 'SV029', 'NV001', '2025-04-01'),
('HDTN026', 'P204', 3500, 25000, 0, 1030, 1265, 50, 57, 'SV014', 'NV002', '2025-04-01'),
('HDTN027', 'P205', 3500, 25000, 1, 1090, 1325, 52, 59, 'SV018', 'NV002', '2025-04-01'),
('HDTN028', 'P206', 3500, 25000, 1, 1050, 1285, 49, 56, 'SV022', 'NV002', '2025-04-01'),
('HDTN029', 'P207', 3500, 25000, 0, 1070, 1305, 51, 58, 'SV026', 'NV002', '2025-04-01'),
('HDTN030', 'P208', 3500, 25000, 1, 1110, 1345, 53, 60, 'SV030', 'NV002', '2025-04-01'),

